"4469bd32-36d7-465e-96db-5a02a0394836","CD451796","#N/A","Yes","1.39E8","Austin","#N/A","#N/A","#N/A","#N/A","#N/A","TX","312 Constitution Place
Austin, TX 78767
USA","Medium","Edge, founded in 1998, is a start-up based in Austin, TX. The company designs and manufactures a device to convert music from one digital format to another. Edge sells its product through retailers and its own website.","#N/A","(512) 757-9000","Electronics","#N/A","#N/A","#N/A","Edge Communications","1000","2.0","Public","(512) 757-6000","Hot","false","false","#N/A","#N/A","false","false","#N/A","#N/A","#N/A","#N/A","2019-04-07","2657","Silver","#N/A","#N/A","#N/A","#N/A","#N/A","#N/A","#N/A","312 Constitution Place
Austin, TX 78767
USA","6576","#N/A","#N/A","EDGE","#N/A","Customer - Direct","Maybe","http://edgecomm.com","#N/A"
1ce3307e-a9ef-42ce-9fce-3e144d4cdd53,CC213425,"#N/A",Yes,9.5E8,Paris,France,"#N/A","#N/A","#N/A",75251,"#N/A",2 Place Jussieu,"#N/A","#N/A","#N/A",(014) 427-4428,Construction,"#N/A","#N/A","#N/A",Pyramid Construction Inc.,2680,17.0,Public,(014) 427-4427,"#N/A",false,false,"#N/A","#N/A",false,false,"#N/A","#N/A","#N/A","#N/A",2019-10-08,9840,Silver,Paris,France,"#N/A","#N/A","#N/A",75251,"#N/A",2 Place Jussieu,4253,"#N/A","#N/A",PYR,"#N/A",Customer - Channel,Maybe,www.pyramid.com,"#N/A"
34148787-8269-441a-bce5-2e2130a8c5f3,CD355119-A,"#N/A",Yes,"#N/A","#N/A","#N/A","#N/A","#N/A","#N/A","#N/A",UK,"Kings Park, 17th Avenue, Team Valley Trading Estate,
Gateshead, Tyne and Wear NE26 3HS
United Kingdom",High,"#N/A","#N/A",+44 191 4956620,Energy,"#N/A","#N/A","#N/A","United Oil & Gas, UK",24000,34.0,Public,+44 191 4956203,"#N/A",false,false,"#N/A","#N/A",false,false,"#N/A","#N/A","#N/A","#N/A",2019-04-07,3479,Platinum,"#N/A","#N/A","#N/A","#N/A","#N/A","#N/A","#N/A","Kings Park, 17th Avenue, Team Valley Trading Estate,
Gateshead, Tyne and Wear NE26 3HS
United Kingdom",4437,"#N/A","#N/A",UOS,"#N/A",Customer - Direct,No,http://www.uos.com,"#N/A"
5b9517be-444b-4816-80a7-56529e3830ad,CD451796,"#N/A",Yes,1.39E8,Austin,"#N/A","#N/A","#N/A","#N/A","#N/A",TX,"312 Constitution Place
Austin, TX 78767
USA",Medium,"Edge, founded in 1998, is a start-up based in Austin, TX. The company designs and manufactures a device to convert music from one digital format to another. Edge sells its product through retailers and its own website.","#N/A",(512) 757-9000,Electronics,"#N/A","#N/A","#N/A",Edge Communications,1000,2.0,Public,(512) 757-6000,Hot,false,false,"#N/A","#N/A",false,false,"#N/A","#N/A","#N/A","#N/A",2019-04-07,2657,Silver,"#N/A","#N/A","#N/A","#N/A","#N/A","#N/A","#N/A","312 Constitution Place
Austin, TX 78767
USA",6576,"#N/A","#N/A",EDGE,"#N/A",Customer - Direct,Maybe,http://edgecomm.com,"#N/A"
5f9186bd-2b28-40fc-9186-538652a3b0e8,CD736025,"#N/A",Yes,"#N/A",Tucson,"#N/A","#N/A","#N/A","#N/A","#N/A",AZ,"888 N Euclid 
Hallis Center, Room 501
Tucson, AZ 85721
United States",Medium,"Leading university in AZ offering undergraduate and graduate programs in arts and humanities, pure sciences, engineering, business, and medicine.","#N/A",(520) 773-9060,Education,"#N/A","#N/A","#N/A",University of Arizona,39000,3.0,Other,(520) 773-9050,Warm,false,false,"#N/A","#N/A",false,false,"#N/A","#N/A","#N/A","#N/A",2019-04-07,8350,Gold,"#N/A","#N/A","#N/A","#N/A","#N/A","#N/A","#N/A","888 N Euclid 
Hallis Center, Room 501
Tucson, AZ 85721
United States",7321,"#N/A","#N/A","#N/A","#N/A",Customer - Direct,Yes,www.universityofarizona.com,"#N/A"
6730d802-4d62-48ae-86db-dcee0721243a,CC947211,"#N/A",Yes,9.5E8,Portland,"#N/A","#N/A","#N/A","#N/A","#N/A",OR,"620 SW 5th Avenue Suite 400
Portland, Oregon 97204
United States",Medium,Commerical logistics and transportation company.,"#N/A",(503) 421-7801,Transportation,"#N/A","#N/A","#N/A",Express Logistics and Transport,12300,150.0,Public,(503) 421-7800,Cold,false,false,"#N/A","#N/A",false,false,"#N/A","#N/A","#N/A","#N/A",2019-10-08,4724,Platinum,"#N/A","#N/A","#N/A","#N/A","#N/A","#N/A","#N/A","620 SW 5th Avenue Suite 400
Portland, Oregon 97204
United States",8742,"#N/A","#N/A",EXLT,"#N/A",Customer - Channel,Maybe,www.expressl&t.net,"#N/A"
75507b67-d39c-464a-be79-a1e1542be001,CD656092,"#N/A","#N/A",3.5E8,Burlington,USA,"#N/A","#N/A","#N/A",27215,NC,525 S. Lexington Ave,"#N/A","#N/A","#N/A",(336) 222-8000,Apparel,"#N/A","#N/A","#N/A",Burlington Textiles Corp of America,9000,6.0,Public,(336) 222-7000,Warm,false,false,"#N/A","#N/A",false,false,"#N/A","#N/A","#N/A","#N/A",2019-04-07,5367,Silver,"#N/A","#N/A","#N/A","#N/A","#N/A","#N/A","#N/A","#N/A",546732,"#N/A","#N/A",BTXT,"#N/A",Customer - Direct,Maybe,www.burlington.com,"#N/A"
831fc493-0d31-41fe-937a-14c99457ebd9,CD355120-B,"#N/A",Yes,"#N/A",Singapore,"#N/A","#N/A","#N/A","#N/A","#N/A",Singapore,"9 Tagore Lane
Singapore, Singapore 787472
Singapore",High,"#N/A","#N/A",(650) 450-8820,Energy,"#N/A","#N/A","#N/A","United Oil & Gas, Singapore",3000,6.0,Public,(650) 450-8810,"#N/A",false,false,"#N/A","#N/A",false,false,"#N/A","#N/A","#N/A","#N/A",2019-10-08,2457,Platinum,"#N/A","#N/A","#N/A","#N/A","#N/A","#N/A","#N/A","9 Tagore Lane
Singapore, Singapore 787472
Singapore",4437,"#N/A","#N/A",UOS,"#N/A",Customer - Direct,Maybe,http://www.uos.com,"#N/A"
a4371091-bcea-44ed-84b0-875911ab0537,CC978213,"#N/A",Yes,3.0E7,Mountain View,"#N/A","#N/A","#N/A","#N/A","#N/A",CA,"345 Shoreline Park
Mountain View, CA 94043
USA",Low,Genomics company engaged in mapping and sequencing of the human genome and developing gene-based drugs,"#N/A",(650) 867-9895,Biotechnology,"#N/A","#N/A","#N/A",GenePoint,265,1.0,Private,(650) 867-3450,Cold,false,false,"#N/A","#N/A",false,false,"#N/A","#N/A","#N/A","#N/A",2019-10-08,7324,Bronze,"#N/A","#N/A","#N/A","#N/A","#N/A","#N/A","#N/A","345 Shoreline Park
Mountain View, CA 94043
USA",3712,"#N/A","#N/A","#N/A","#N/A",Customer - Channel,Yes,www.genepoint.com,"#N/A"
e60ae7d5-ae5d-4f4e-89a6-d7dd8faa7500,"#N/A","#N/A","#N/A","#N/A","#N/A","#N/A","#N/A","#N/A","#N/A","#N/A","#N/A","#N/A","#N/A","#N/A","#N/A","#N/A","#N/A","#N/A","#N/A","#N/A",testAcct,"#N/A","#N/A","#N/A","#N/A","#N/A",false,false,"#N/A","#N/A",false,false,"#N/A","#N/A","#N/A","#N/A","#N/A","#N/A","#N/A","#N/A","#N/A","#N/A","#N/A","#N/A","#N/A","#N/A","#N/A","#N/A","#N/A","#N/A","#N/A","#N/A","#N/A","#N/A","#N/A","#N/A"
f12b4ce3-e26b-413c-b8d4-a3906235142a,CD355118,"#N/A",Yes,5.6E9,New York,"#N/A","#N/A","#N/A","#N/A","#N/A",NY,"1301 Avenue of the Americas 
New York, NY 10019
USA",High,World's third largest oil and gas company.,"#N/A",(212) 842-5501,Energy,"#N/A","#N/A","#N/A",United Oil & Gas Corp.,145000,955.0,Public,(212) 842-5500,Hot,false,false,"#N/A","#N/A",false,false,"#N/A","#N/A","#N/A","#N/A",2019-10-08,6654,Platinum,"#N/A","#N/A","#N/A","#N/A","#N/A","#N/A","#N/A","1301 Avenue of the Americas 
New York, NY 10019
USA",4437,"#N/A","#N/A",UOS,"#N/A",Customer - Direct,Yes,http://www.uos.com,"#N/A"
f770aa63-c533-40c9-9a7f-1f8b06d0427f,CC634267,"#N/A",Yes,5.0E7,Lawrence,USA,"#N/A","#N/A","#N/A",66045,KS,1301 Hoch Drive,Low,"#N/A","#N/A",(785) 241-6201,Consulting,"#N/A","#N/A","#N/A",Dickenson plc,120,2.0,Private,(785) 241-6200,"#N/A",false,false,"#N/A","#N/A",false,false,"#N/A","#N/A","#N/A","#N/A",2019-10-08,7425,Bronze,Lawrence,USA,"#N/A","#N/A","#N/A",66045,KS,1301 Hoch Drive,6752,"#N/A","#N/A","#N/A","#N/A",Customer - Channel,No,dickenson-consulting.com,"#N/A"
fc7d7f74-13a0-4ad3-904f-6945069fc818,CD439877,"#N/A",Yes,5.0E8,Chicago,"#N/A","#N/A","#N/A","#N/A","#N/A",IL,"2334 N. Michigan Avenue, Suite 1500
Chicago, IL 60601, USA",High,"Chain of hotels and resorts across the US, UK, Eastern Europe, Japan, and SE Asia.","#N/A",(312) 596-1500,Hospitality,"#N/A","#N/A","#N/A",Grand Hotels & Resorts Ltd,5600,57.0,Public,(312) 596-1000,Warm,false,false,"#N/A","#N/A",false,false,"#N/A","#N/A","#N/A","#N/A",2019-10-08,5572,Gold,"#N/A","#N/A","#N/A","#N/A","#N/A","#N/A","#N/A","2334 N. Michigan Avenue, Suite 1500
Chicago, IL 60601, USA",2268,"#N/A","#N/A",GHTL,"#N/A",Customer - Direct,Yes,www.grandhotels.com,"#N/A"
